[{"model": "people.species", "pk": 1, "fields": {"name": "Human"}}, {"model": "people.species", "pk": 2, "fields": {"name": "Droid"}}, {"model": "people.species", "pk": 3, "fields": {"name": "Wookie"}}, {"model": "people.species", "pk": 4, "fields": {"name": "Rodian"}}, {"model": "people.species", "pk": 5, "fields": {"name": "Hutt"}}, {"model": "people.species", "pk": 6, "fields": {"name": "Yoda's species"}}, {"model": "people.planet", "pk": 1, "fields": {"name": "Tatooine"}}, {"model": "people.planet", "pk": 2, "fields": {"name": "Naboo"}}, {"model": "people.planet", "pk": 3, "fields": {"name": "Alderaan"}}, {"model": "people.planet", "pk": 4, "fields": {"name": "Stewjon"}}, {"model": "people.planet", "pk": 5, "fields": {"name": "Eriadu"}}, {"model": "people.planet", "pk": 6, "fields": {"name": "Kashyyyk"}}, {"model": "people.planet", "pk": 7, "fields": {"name": "Corellia"}}, {"model": "people.planet", "pk": 8, "fields": {"name": "Rodia"}}, {"model": "people.planet", "pk": 9, "fields": {"name": "Nal Hutta"}}, {"model": "people.planet", "pk": 10, "fields": {"name": "Bestine IV"}}, {"model": "people.planet", "pk": 11, "fields": {"name": "unknown"}}, {"model": "people.vehicle", "pk": 1, "fields": {"name": "Snowspeeder"}}, {"model": "people.vehicle", "pk": 2, "fields": {"name": "Imperial Speeder Bike"}}, {"model": "people.vehicle", "pk": 3, "fields": {"name": "TIE Advanced x1"}}, {"model": "people.vehicle", "pk": 4, "fields": {"name": "Jedi starfighter"}}, {"model": "people.vehicle", "pk": 5, "fields": {"name": "Trade Federation cruiser"}}, {"model": "people.vehicle", "pk": 6, "fields": {"name": "Naboo star skiff"}}, {"model": "people.vehicle", "pk": 7, "fields": {"name": "Jedi Interceptor"}}, {"model": "people.vehicle", "pk": 8, "fields": {"name": "Belbullab-22 starfighter"}}, {"model": "people.vehicle", "pk": 9, "fields": {"name": "Naboo fighter"}}, {"model": "people.vehicle", "pk": 10, "fields": {"name": "Millennium Falcon"}}, {"model": "people.vehicle", "pk": 11, "fields": {"name": "Imperial shuttle"}}, {"model": "people.vehicle", "pk": 12, "fields": {"name": "X-wing"}}, {"model": "people.person", "pk": 1, "fields": {"name": "Luke Skywalker", "birth_year": "19BBY", "eye_color": "blue", "hair_color": "blond", "skin_color": "fair", "homeworld": 1, "species": [1], "vehicles": [1, 2]}}, {"model": "people.person", "pk": 2, "fields": {"name": "C-3PO", "birth_year": "112BBY", "eye_color": "yellow", "hair_color": "n/a", "skin_color": "gold", "homeworld": 1, "species": [2], "vehicles": []}}, {"model": "people.person", "pk": 3, "fields": {"name": "R2-D2", "birth_year": "33BBY", "eye_color": "red", "hair_color": "n/a", "skin_color": "white, blue", "homeworld": 2, "species": [2], "vehicles": []}}, {"model": "people.person", "pk": 4, "fields": {"name": "Darth Vader", "birth_year": "41.9BBY", "eye_color": "yellow", "hair_color": "none", "skin_color": "white", "homeworld": 1, "species": [1], "vehicles": [3]}}, {"model": "people.person", "pk": 5, "fields": {"name": "Leia Organa", "birth_year": "19BBY", "eye_color": "brown", "hair_color": "brown", "skin_color": "light", "homeworld": 3, "species": [1], "vehicles": []}}, {"model": "people.person", "pk": 6, "fields": {"name": "Owen Lars", "birth_year": "52BBY", "eye_color": "blue", "hair_color": "brown, grey", "skin_color": "light", "homeworld": 1, "species": [1], "vehicles": []}}, {"model": "people.person", "pk": 7, "fields": {"name": "Beru Whitesun lars", "birth_year": "47BBY", "eye_color": "blue", "hair_color": "brown", "skin_color": "light", "homeworld": 1, "species": [1], "vehicles": []}}, {"model": "people.person", "pk": 8, "fields": {"name": "R5-D4", "birth_year": "unknown", "eye_color": "red", "hair_color": "n/a", "skin_color": "white, red", "homeworld": 1, "species": [2], "vehicles": []}}, {"model": "people.person", "pk": 9, "fields": {"name": "Biggs Darklighter", "birth_year": "24BBY", "eye_color": "brown", "hair_color": "black", "skin_color": "light", "homeworld": 1, "species": [1], "vehicles": []}}, {"model": "people.person", "pk": 10, "fields": {"name": "Obi-Wan Kenobi", "birth_year": "57BBY", "eye_color": "blue-gray", "hair_color": "auburn, white", "skin_color": "fair", "homeworld": 4, "species": [1], "vehicles": [4, 5, 6, 7, 8]}}, {"model": "people.person", "pk": 11, "fields": {"name": "Anakin Skywalker", "birth_year": "41.9BBY", "eye_color": "blue", "hair_color": "blond", "skin_color": "fair", "homeworld": 1, "species": [1], "vehicles": [5, 7, 9]}}, {"model": "people.person", "pk": 12, "fields": {"name": "Wilhuff Tarkin", "birth_year": "64BBY", "eye_color": "blue", "hair_color": "auburn, grey", "skin_color": "fair", "homeworld": 5, "species": [1], "vehicles": []}}, {"model": "people.person", "pk": 13, "fields": {"name": "Chewbacca", "birth_year": "200BBY", "eye_color": "blue", "hair_color": "brown", "skin_color": "unknown", "homeworld": 6, "species": [3], "vehicles": [10, 11]}}, {"model": "people.person", "pk": 14, "fields": {"name": "Han Solo", "birth_year": "29BBY", "eye_color": "brown", "hair_color": "brown", "skin_color": "fair", "homeworld": 7, "species": [1], "vehicles": [10, 11]}}, {"model": "people.person", "pk": 15, "fields": {"name": "Greedo", "birth_year": "44BBY", "eye_color": "black", "hair_color": "n/a", "skin_color": "green", "homeworld": 8, "species": [4], "vehicles": []}}, {"model": "people.person", "pk": 16, "fields": {"name": "Jabba Desilijic Tiure", "birth_year": "600BBY", "eye_color": "orange", "hair_color": "n/a", "skin_color": "green-tan, brown", "homeworld": 9, "species": [5], "vehicles": []}}, {"model": "people.person", "pk": 17, "fields": {"name": "Wedge Antilles", "birth_year": "21BBY", "eye_color": "hazel", "hair_color": "brown", "skin_color": "fair", "homeworld": 7, "species": [1], "vehicles": [12]}}, {"model": "people.person", "pk": 18, "fields": {"name": "Jek Tono Porkins", "birth_year": "unknown", "eye_color": "blue", "hair_color": "brown", "skin_color": "fair", "homeworld": 10, "species": [1], "vehicles": [12]}}, {"model": "people.person", "pk": 19, "fields": {"name": "Yoda", "birth_year": "896BBY", "eye_color": "brown", "hair_color": "white", "skin_color": "green", "homeworld": 11, "species": [6], "vehicles": []}}, {"model": "people.person", "pk": 20, "fields": {"name": "Palpatine", "birth_year": "82BBY", "eye_color": "yellow", "hair_color": "grey", "skin_color": "pale", "homeworld": 2, "species": [1], "vehicles": []}}]